日期,收盘,开盘,高,低,交易量,涨跌幅
2025/5/23,8.25,8.3,8.34,8.25,13.33M,-0.0084 
2025/5/22,8.32,8.39,8.41,8.31,14.20M,-0.0095 
2025/5/21,8.4,8.35,8.41,8.31,21.54M,0.0084 
2025/5/20,8.33,8.28,8.34,8.26,16.14M,0.0060 
2025/5/19,8.28,8.26,8.29,8.23,8.27M,0.0024 
2025/5/16,8.26,8.29,8.31,8.25,10.77M,-0.0036 
2025/5/15,8.29,8.28,8.31,8.25,12.56M,0.0000 
2025/5/14,8.29,8.32,8.32,8.24,15.91M,-0.0048 
2025/5/13,8.33,8.25,8.35,8.24,22.49M,0.0097 
2025/5/12,8.25,8.27,8.27,8.21,16.08M,-0.0024 
2025/5/9,8.27,8.29,8.3,8.25,14.75M,-0.0024 
2025/5/8,8.29,8.3,8.31,8.26,15.45M,-0.0036 
2025/5/7,8.32,8.33,8.37,8.27,23.63M,0.0000 
2025/5/6,8.32,8.24,8.33,8.24,23.76M,0.0109 
2025/4/30,8.23,8.2,8.27,8.14,40.49M,-0.0318 
2025/4/29,8.5,8.47,8.53,8.46,13.52M,0.0047 
2025/4/28,8.46,8.56,8.56,8.43,18.64M,-0.0117 
2025/4/25,8.56,8.62,8.65,8.54,23.21M,-0.0070 
2025/4/24,8.62,8.68,8.73,8.57,22.88M,-0.0058 
2025/4/23,8.67,8.86,8.87,8.66,57.17M,-0.0420 
2025/4/22,9.05,9,9.13,8.85,65.09M,0.0100 
2025/4/21,8.96,8.69,9,8.67,56.57M,0.0382 
2025/4/18,8.63,8.71,8.74,8.57,28.42M,-0.0182 
2025/4/17,8.79,8.84,9.1,8.76,55.09M,0.0000 
2025/4/16,8.79,8.76,8.83,8.63,35.30M,0.0103 
2025/4/15,8.7,8.77,8.77,8.64,22.61M,-0.0080 
2025/4/14,8.77,8.66,8.81,8.54,36.62M,0.0115 
2025/4/11,8.67,8.76,8.9,8.64,55.52M,0.0117 
2025/4/10,8.57,8.35,8.68,8.31,38.72M,0.0363 
2025/4/9,8.27,8.11,8.3,7.88,30.28M,0.0110 
2025/4/8,8.18,7.92,8.18,7.92,34.12M,0.0328 
2025/4/7,7.92,8.4,8.41,7.9,55.45M,-0.0979 
2025/4/3,8.78,8.79,8.88,8.75,25.26M,-0.0023 
2025/4/2,8.8,8.82,8.88,8.71,26.13M,-0.0011 
2025/4/1,8.81,8.86,8.96,8.76,40.40M,0.0034 
2025/3/31,8.78,8.71,8.88,8.7,47.39M,0.0011 
2025/3/28,8.77,8.71,8.8,8.64,38.97M,0.0162 
2025/3/27,8.63,8.62,8.64,8.55,11.88M,0.0012 
2025/3/26,8.62,8.62,8.66,8.59,13.39M,-0.0012 
2025/3/25,8.63,8.54,8.63,8.54,15.75M,0.0082 
2025/3/24,8.56,8.69,8.71,8.47,28.73M,-0.0161 
2025/3/21,8.7,8.76,8.79,8.63,25.05M,-0.0091 
2025/3/20,8.78,8.92,8.93,8.76,25.69M,-0.0124 
2025/3/19,8.89,8.91,8.98,8.82,36.07M,-0.0034 
2025/3/18,8.92,8.77,8.99,8.73,43.35M,0.0194 
2025/3/17,8.75,8.79,8.81,8.73,25.82M,-0.0034 
2025/3/14,8.78,8.9,8.95,8.75,40.50M,0.0069 
2025/3/13,8.72,8.65,8.8,8.63,35.02M,0.0093 
2025/3/12,8.64,8.58,8.68,8.56,26.60M,0.0070 
2025/3/11,8.58,8.48,8.58,8.44,17.16M,0.0070 
2025/3/10,8.52,8.5,8.53,8.46,13.22M,-0.0012 
2025/3/7,8.53,8.51,8.59,8.5,18.10M,-0.0023 
2025/3/6,8.55,8.53,8.56,8.49,18.67M,0.0023 
2025/3/5,8.53,8.5,8.53,8.44,15.47M,0.0047 
2025/3/4,8.49,8.43,8.52,8.4,16.17M,0.0059 
2025/3/3,8.44,8.46,8.54,8.41,17.97M,-0.0035 
2025/2/28,8.47,8.53,8.56,8.46,21.90M,-0.0105 
2025/2/27,8.56,8.55,8.61,8.52,22.35M,0.0012 
2025/2/26,8.55,8.61,8.67,8.52,37.92M,-0.0104 
2025/2/25,8.64,8.68,8.74,8.62,23.59M,-0.0069 
2025/2/24,8.7,8.69,8.73,8.62,21.71M,-0.0011 
2025/2/21,8.71,8.8,8.8,8.66,34.04M,-0.0136 
2025/2/20,8.83,8.75,8.88,8.7,39.44M,0.0103 
2025/2/19,8.74,8.73,8.77,8.67,28.22M,0.0058 
2025/2/18,8.69,8.73,8.76,8.63,34.22M,-0.0069 
2025/2/17,8.75,8.82,8.83,8.69,53.79M,-0.0169 
2025/2/14,8.9,8.96,9.01,8.88,38.24M,-0.0056 
2025/2/13,8.95,9.01,9.09,8.9,57.82M,-0.0100 
2025/2/12,9.04,9.16,9.16,8.94,91.47M,-0.0474 
2025/2/11,9.49,8.68,9.5,8.67,137.38M,0.0984 
2025/2/10,8.64,8.65,8.7,8.61,13.85M,-0.0012 
2025/2/7,8.65,8.62,8.68,8.56,18.68M,0.0035 
2025/2/6,8.62,8.66,8.67,8.52,23.92M,-0.0035 
2025/2/5,8.65,8.66,8.69,8.57,23.96M,0.0129 
2025/1/27,8.54,8.5,8.63,8.47,12.98M,0.0083 
2025/1/24,8.47,8.42,8.47,8.37,11.18M,0.0071 
2025/1/23,8.41,8.41,8.48,8.39,10.98M,0.0024 
2025/1/22,8.39,8.4,8.44,8.33,10.24M,0.0000 
2025/1/21,8.39,8.45,8.46,8.36,7.53M,-0.0059 
2025/1/20,8.44,8.44,8.52,8.42,8.52M,0.0012 
2025/1/17,8.43,8.41,8.46,8.37,9.17M,0.0024 
2025/1/16,8.41,8.4,8.5,8.36,13.69M,0.0000 
2025/1/15,8.41,8.4,8.44,8.35,8.77M,-0.0012 
2025/1/14,8.42,8.3,8.43,8.3,13.71M,0.0084 
2025/1/13,8.35,8.24,8.39,8.14,12.60M,0.0109 
2025/1/10,8.26,8.48,8.49,8.25,14.57M,-0.0248 
2025/1/9,8.47,8.57,8.57,8.46,10.40M,-0.0117 
2025/1/8,8.57,8.54,8.62,8.46,15.41M,0.0047 
2025/1/7,8.53,8.53,8.59,8.46,9.65M,-0.0035 
2025/1/6,8.56,8.51,8.66,8.27,16.28M,0.0071 
2025/1/3,8.5,8.56,8.76,8.45,22.33M,-0.0070 
2025/1/2,8.56,8.63,8.78,8.52,21.47M,-0.0070 
2024/12/31,8.62,8.7,8.74,8.62,15.64M,-0.0092 
2024/12/30,8.7,8.74,8.75,8.68,10.99M,-0.0068 
2024/12/27,8.76,8.77,8.8,8.73,13.81M,0.0000 
2024/12/26,8.76,8.81,8.87,8.75,10.35M,-0.0057 
2024/12/25,8.81,8.76,8.84,8.71,13.21M,0.0023 
2024/12/24,8.79,8.65,8.81,8.63,15.13M,0.0103 
2024/12/23,8.7,8.8,8.81,8.68,17.95M,-0.0125 
2024/12/20,8.81,8.86,8.89,8.8,13.05M,-0.0090 
2024/12/19,8.89,8.88,8.89,8.78,14.68M,-0.0034 
2024/12/18,8.92,8.96,8.99,8.91,11.61M,0.0011 
2024/12/17,8.91,9,9.01,8.88,16.03M,-0.0111 
2024/12/16,9.01,9.02,9.11,8.97,16.64M,0.0000 
2024/12/13,9.01,9.17,9.17,9.01,25.40M,-0.0196 
2024/12/12,9.19,9.1,9.2,9.07,35.58M,0.0121 
2024/12/11,9.08,8.9,9.09,8.87,37.04M,0.0202 
2024/12/10,8.9,9,9.05,8.89,26.44M,0.0011 
2024/12/9,8.89,8.85,9.01,8.85,24.92M,0.0045 
2024/12/6,8.85,8.74,8.86,8.73,23.63M,0.0126 
2024/12/5,8.74,8.73,8.76,8.7,11.73M,0.0011 
2024/12/4,8.73,8.8,8.8,8.71,14.53M,-0.0091 
2024/12/3,8.81,8.83,8.85,8.75,14.68M,-0.0023 
2024/12/2,8.83,8.75,8.87,8.74,17.67M,0.0068 
2024/11/29,8.77,8.69,8.78,8.67,15.32M,0.0092 
2024/11/28,8.69,8.7,8.74,8.67,11.93M,-0.0046 
2024/11/27,8.73,8.68,8.74,8.47,18.85M,0.0034 
2024/11/26,8.7,8.71,8.76,8.68,12.06M,-0.0023 
2024/11/25,8.72,8.76,8.83,8.68,17.57M,-0.0023 
2024/11/22,8.74,9.02,9.06,8.71,27.96M,-0.0256 
2024/11/21,8.97,8.9,9.07,8.88,25.74M,0.0090 
2024/11/20,8.89,8.85,8.89,8.81,18.48M,0.0045 
2024/11/19,8.85,8.83,8.86,8.74,20.76M,0.0045 
2024/11/18,8.81,8.82,8.95,8.8,25.71M,-0.0011 
2024/11/15,8.82,8.89,8.96,8.8,23.17M,-0.0079 
2024/11/14,8.89,8.98,9.08,8.87,29.45M,-0.0111 
2024/11/13,8.99,8.94,9.08,8.88,24.53M,0.0045 
2024/11/12,8.95,8.91,9.13,8.89,36.58M,0.0011 
2024/11/11,8.94,8.93,8.94,8.83,25.51M,-0.0045 
2024/11/8,8.98,9.1,9.15,8.93,32.24M,-0.0121 
2024/11/7,9.09,8.9,9.09,8.76,39.69M,0.0122 
2024/11/6,8.98,9.04,9.07,8.9,29.18M,-0.0044 
2024/11/5,9.02,8.88,9.03,8.87,32.64M,0.0123 
2024/11/4,8.91,8.83,8.91,8.77,16.62M,0.0091 
2024/11/1,8.83,8.84,8.96,8.76,26.27M,-0.0023 
2024/10/31,8.85,8.81,8.88,8.76,22.86M,-0.0011 
2024/10/30,8.86,9,9.01,8.76,33.48M,-0.0166 
2024/10/29,9.01,9.11,9.15,8.96,29.19M,-0.0099 
2024/10/28,9.1,9.07,9.11,9.04,24.30M,0.0022 
2024/10/25,9.08,9.1,9.12,9.03,24.11M,-0.0022 
2024/10/24,9.1,9.11,9.12,9.03,14.85M,-0.0066 
2024/10/23,9.16,9.21,9.27,9.13,24.88M,-0.0054 
2024/10/22,9.21,9.12,9.25,9.03,31.24M,0.0088 
2024/10/21,9.13,9.15,9.23,9.03,37.84M,0.0100 
2024/10/18,9.04,8.9,9.1,8.87,39.90M,0.0169 
2024/10/17,8.89,9.04,9.09,8.86,22.92M,-0.0166 
2024/10/16,9.04,8.87,9.1,8.8,37.51M,0.0192 
2024/10/15,8.87,9.03,9.03,8.85,26.94M,-0.0210 
2024/10/14,9.06,8.88,9.09,8.8,33.10M,0.0203 
2024/10/11,8.88,9.05,9.2,8.77,37.69M,-0.0111 
2024/10/10,8.98,8.74,9.23,8.74,44.59M,0.0275 
2024/10/9,8.74,9.45,9.45,8.72,58.58M,-0.0896 
2024/10/8,9.6,10.41,10.41,9.25,99.85M,0.0137 
2024/9/30,9.47,8.99,9.58,8.89,88.07M,0.0823 
2024/9/27,8.75,8.47,8.77,8.47,37.43M,0.0417 
2024/9/26,8.4,8.16,8.4,8.07,34.29M,0.0269 
2024/9/25,8.18,8.15,8.38,8.14,36.97M,0.0149 
2024/9/24,8.06,7.85,8.06,7.82,26.63M,0.0268 
2024/9/23,7.85,7.82,7.91,7.74,17.77M,0.0051 
2024/9/20,7.81,7.88,7.89,7.72,17.96M,-0.0076 
2024/9/19,7.87,7.74,7.89,7.58,28.96M,0.0274 
2024/9/18,7.66,7.77,7.88,7.55,20.60M,-0.0142 
2024/9/13,7.77,7.84,7.9,7.76,22.06M,0.0013 
2024/9/12,7.76,7.9,7.94,7.75,15.73M,-0.0202 
2024/9/11,7.92,7.83,7.93,7.81,14.33M,0.0038 
2024/9/10,7.89,8.02,8.06,7.8,17.62M,-0.0150 
2024/9/9,8.01,8.2,8.2,7.96,13.31M,-0.0232 
2024/9/6,8.2,8.27,8.28,8.19,11.49M,-0.0109 
2024/9/5,8.29,8.23,8.3,8.22,12.70M,0.0061 
2024/9/4,8.24,8.3,8.31,8.22,12.46M,-0.0120 
2024/9/3,8.34,8.41,8.42,8.3,16.11M,-0.0071 
2024/9/2,8.4,8.55,8.56,8.39,21.16M,-0.0244 
2024/8/30,8.61,8.75,8.76,8.37,32.88M,-0.0171 
2024/8/29,8.76,8.58,8.8,8.56,17.38M,0.0174 
2024/8/28,8.61,8.55,8.65,8.54,9.61M,0.0070 
2024/8/27,8.55,8.61,8.61,8.5,8.90M,-0.0093 
2024/8/26,8.63,8.6,8.64,8.56,7.86M,0.0047 
2024/8/23,8.59,8.57,8.6,8.49,10.59M,0.0023 
2024/8/22,8.57,8.57,8.63,8.53,8.66M,-0.0012 
2024/8/21,8.58,8.59,8.61,8.54,7.22M,0.0012 
2024/8/20,8.57,8.75,8.78,8.53,18.04M,-0.0239 
2024/8/19,8.78,8.65,8.81,8.64,23.70M,0.0209 
2024/8/16,8.6,8.78,8.78,8.59,18.54M,-0.0183 
2024/8/15,8.76,8.7,8.82,8.69,9.56M,0.0023 
2024/8/14,8.74,8.8,8.8,8.7,6.44M,-0.0068 
2024/8/13,8.8,8.8,8.91,8.75,14.51M,0.0057 
2024/8/12,8.75,8.77,8.78,8.69,7.03M,-0.0023 
2024/8/9,8.77,8.87,8.95,8.75,10.65M,-0.0113 
2024/8/8,8.87,8.72,8.88,8.66,14.36M,0.0137 
2024/8/7,8.75,8.78,8.79,8.7,8.10M,-0.0034 
2024/8/6,8.78,8.72,8.81,8.69,11.25M,0.0069 
2024/8/5,8.72,8.76,8.89,8.65,18.01M,-0.0102 
2024/8/2,8.81,8.78,8.85,8.74,13.34M,-0.0023 
2024/8/1,8.83,8.98,9.05,8.78,19.94M,-0.0123 
2024/7/31,8.94,8.66,8.95,8.64,18.94M,0.0323 
2024/7/30,8.66,8.69,8.69,8.58,13.21M,-0.0137 
2024/7/29,8.78,8.83,8.85,8.72,10.52M,-0.0023 
2024/7/26,8.8,8.75,8.85,8.73,10.29M,0.0057 
2024/7/25,8.75,8.78,8.79,8.67,11.51M,-0.0046 
2024/7/24,8.79,8.92,8.94,8.77,14.04M,-0.0101 
2024/7/23,8.88,9.12,9.14,8.87,18.77M,-0.0284 
2024/7/22,9.14,9.15,9.21,9.09,13.07M,-0.0087 
2024/7/19,9.22,9.42,9.42,9.19,26.06M,-0.0274 
2024/7/18,9.48,9.37,9.5,9.28,16.34M,0.0053 
2024/7/17,9.43,9.56,9.6,9.36,19.44M,-0.0011 
2024/7/16,9.44,9.38,9.54,9.34,17.54M,0.0053 
2024/7/15,9.39,9.34,9.48,9.28,14.91M,0.0011 
2024/7/12,9.38,9.59,9.65,9.22,20.61M,-0.0126 
2024/7/11,9.5,9.42,9.53,9.34,16.17M,0.0182 
2024/7/10,9.33,9.5,9.5,9.3,12.98M,-0.0220 
2024/7/9,9.54,9.42,9.59,9.33,13.67M,0.0000 
2024/7/8,9.54,9.71,9.8,9.49,17.28M,-0.0165 
2024/7/5,9.7,9.43,9.73,9.33,16.64M,0.0254 
2024/7/4,9.46,9.6,9.64,9.41,12.13M,-0.0105 
2024/7/3,9.56,9.62,9.64,9.45,10.13M,-0.0062 
2024/7/2,9.62,9.71,9.83,9.55,14.70M,-0.0133 
2024/7/1,9.75,9.6,9.76,9.58,9.56M,0.0135 
2024/6/28,9.62,9.56,9.73,9.5,9.82M,0.0116 
2024/6/27,9.51,9.75,9.77,9.5,10.83M,-0.0296 
2024/6/26,9.8,9.69,9.81,9.57,8.96M,0.0103 
2024/6/25,9.7,9.73,9.77,9.62,7.85M,-0.0031 
2024/6/24,9.73,9.8,9.84,9.65,9.96M,-0.0142 
2024/6/21,9.87,9.84,9.99,9.82,11.36M,0.0061 
2024/6/20,9.81,10.11,10.14,9.79,20.62M,-0.0344 
2024/6/19,10.16,10.12,10.25,10.11,9.27M,-0.0029 
2024/6/18,10.19,10.08,10.26,10,16.26M,0.0109 
2024/6/17,10.08,10.17,10.27,10.07,15.91M,-0.0088 
2024/6/14,10.17,10.25,10.25,10.1,11.66M,-0.0029 
2024/6/13,10.2,10.39,10.45,10.1,15.37M,-0.0230 
2024/6/12,10.44,10.45,10.51,10.35,12.00M,-0.0048 
2024/6/11,10.49,10.48,10.53,10.2,22.70M,-0.0260 
2024/6/7,10.77,10.59,10.79,10.5,19.47M,0.0238 
2024/6/6,10.52,10.59,10.76,10.48,12.59M,0.0000 
2024/6/5,10.52,10.6,10.69,10.51,10.30M,-0.0168 
2024/6/4,10.7,10.39,10.72,10.29,22.57M,-0.0037 
2024/6/3,10.74,10.82,10.88,10.62,16.69M,-0.0110 
2024/5/31,10.86,10.9,10.95,10.79,15.43M,0.0018 
2024/5/30,10.84,11.21,11.24,10.75,24.26M,-0.0399 
2024/5/29,11.29,11.38,11.47,11.18,21.06M,0.0036 
2024/5/28,11.25,11.17,11.47,11.17,16.72M,0.0072 
2024/5/27,11.17,10.98,11.2,10.96,13.30M,0.0182 
2024/5/24,10.97,10.86,11.05,10.86,10.12M,0.0018 
2024/5/23,10.95,11.01,11.03,10.8,15.34M,-0.0232 
2024/5/22,11.21,11.3,11.36,11.17,11.05M,-0.0018 
2024/5/21,11.23,11.5,11.53,11.18,23.28M,-0.0302 
2024/5/20,11.58,11.42,11.7,11.36,31.11M,0.0266 
2024/5/17,11.28,11.33,11.35,11.13,12.23M,-0.0035 
2024/5/16,11.32,11.5,11.55,11.3,12.16M,-0.0044 
2024/5/15,11.37,11.45,11.67,11.36,21.61M,-0.0061 
2024/5/14,11.44,11.22,11.51,11.22,20.52M,0.0124 
2024/5/13,11.3,11.23,11.42,11.15,15.60M,-0.0018 
2024/5/10,11.32,11.44,11.48,11.24,16.67M,0.0009 
2024/5/9,11.31,11.27,11.4,11.25,12.89M,0.0035 
2024/5/8,11.27,11.3,11.42,11.2,13.94M,-0.0035 
2024/5/7,11.31,11.28,11.46,11.27,15.08M,0.0027 
2024/5/6,11.28,11.14,11.31,10.94,20.63M,0.0089 
2024/4/30,11.18,11.37,11.49,11.17,19.65M,-0.0141 
2024/4/29,11.34,10.77,11.42,10.76,45.95M,0.0688 
2024/4/26,10.61,10.49,10.69,10.46,17.74M,0.0105 
2024/4/25,10.5,10.48,10.59,10.34,8.58M,0.0019 
2024/4/24,10.48,10.2,10.52,10.2,15.41M,0.0285 
2024/4/23,10.19,10.49,10.49,10.18,17.83M,-0.0369 
2024/4/22,10.58,10.8,10.84,10.54,20.18M,-0.0285 
2024/4/19,10.89,10.85,11.1,10.78,18.85M,0.0028 
2024/4/18,10.86,10.67,10.93,10.52,21.60M,0.0112 
2024/4/17,10.74,10.51,10.76,10.5,19.68M,0.0209 
2024/4/16,10.52,10.86,11.05,10.5,27.29M,-0.0313 
2024/4/15,10.86,10.85,10.86,10.34,37.95M,-0.0260 
2024/4/12,11.15,11.08,11.32,10.99,37.92M,0.0258 
2024/4/11,10.87,11.05,11.15,10.84,36.08M,-0.0329 
2024/4/10,11.24,11.26,11.46,11.14,19.61M,-0.0097 
2024/4/9,11.35,11.4,11.41,11.1,34.23M,-0.0266 
2024/4/8,11.66,11.35,11.83,11.3,62.34M,0.0374 
2024/4/3,11.24,11.15,11.33,11.03,35.64M,0.0144 
2024/4/2,11.08,11.01,11.2,10.94,18.53M,0.0027 
2024/4/1,11.05,11.35,11.49,10.92,39.74M,-0.0187 
2024/3/29,11.26,10.96,11.52,10.96,32.42M,0.0378 
2024/3/28,10.85,10.81,10.92,10.69,14.72M,0.0037 
2024/3/27,10.81,10.93,11.01,10.78,12.16M,-0.0046 
2024/3/26,10.86,10.93,11,10.76,10.86M,-0.0073 
2024/3/25,10.94,11.05,11.2,10.93,13.58M,-0.0223 
2024/3/22,11.19,11.23,11.27,10.88,25.04M,-0.0141 
2024/3/21,11.35,11.11,11.49,10.98,46.02M,0.0394 
2024/3/20,10.92,10.93,10.96,10.86,9.89M,0.0028 
2024/3/19,10.89,11,11.1,10.87,14.14M,-0.0100 
2024/3/18,11,11.01,11.1,10.9,14.98M,-0.0143 
2024/3/15,11.16,10.83,11.18,10.78,25.70M,0.0210 
2024/3/14,10.93,10.88,11.05,10.78,19.51M,0.0083 
2024/3/13,10.84,10.82,10.9,10.67,19.49M,-0.0082 
2024/3/12,10.93,11,11.08,10.82,17.01M,-0.0126 
2024/3/11,11.07,11.25,11.35,11,20.63M,-0.0045 
2024/3/8,11.12,11.25,11.26,10.98,23.16M,-0.0045 
2024/3/7,11.17,10.97,11.33,10.96,30.45M,0.0248 
2024/3/6,10.9,11,11.05,10.79,26.15M,-0.0109 
2024/3/5,11.02,11.12,11.49,10.92,53.06M,0.0018 
2024/3/4,11,10.3,11.08,10.29,70.38M,0.0690 
2024/3/1,10.29,10.04,10.48,10.01,46.02M,0.0239 
2024/2/29,10.05,9.94,10.11,9.9,24.33M,0.0080 
2024/2/28,9.97,9.92,10.1,9.87,28.57M,0.0071 
2024/2/27,9.9,9.84,9.9,9.79,9.01M,0.0061 
2024/2/26,9.84,9.89,9.94,9.78,9.35M,-0.0040 
2024/2/23,9.88,9.9,9.91,9.77,11.28M,-0.0020 
2024/2/22,9.9,9.89,9.93,9.78,11.94M,-0.0010 
2024/2/21,9.91,9.9,10.05,9.8,18.43M,0.0041 
2024/2/20,9.87,9.71,9.95,9.67,14.12M,0.0092 
2024/2/19,9.78,9.87,9.9,9.62,14.51M,-0.0091 
2024/2/8,9.87,9.78,10.04,9.73,22.80M,0.0113 
2024/2/7,9.76,9.37,9.81,9.32,27.25M,0.0405 
2024/2/6,9.38,9,9.5,8.89,15.80M,0.0319 
2024/2/5,9.09,9.05,9.2,8.62,14.75M,0.0022 
2024/2/2,9.07,9.18,9.31,8.9,11.40M,-0.0141 
2024/2/1,9.2,9.06,9.35,8.95,8.75M,0.0088 
2024/1/31,9.12,9.35,9.44,9.11,10.72M,-0.0277 
2024/1/30,9.38,9.56,9.65,9.35,9.88M,-0.0300 
2024/1/29,9.67,9.62,9.83,9.52,15.96M,0.0052 
2024/1/26,9.62,9.64,9.71,9.54,15.40M,-0.0021 
2024/1/25,9.64,9.13,9.65,9.12,21.53M,0.0547 
2024/1/24,9.14,9.03,9.16,8.86,7.45M,0.0167 
2024/1/23,8.99,8.95,9.03,8.72,9.15M,0.0022 
2024/1/22,8.97,9.21,9.21,8.94,9.76M,-0.0282 
2024/1/19,9.23,9.1,9.32,9.06,9.08M,0.0098 
2024/1/18,9.14,9.38,9.39,8.88,22.13M,-0.0277 
2024/1/17,9.4,9.53,9.59,9.39,6.24M,-0.0167 
2024/1/16,9.56,9.63,9.65,9.45,5.25M,-0.0052 
2024/1/15,9.61,9.63,9.69,9.6,6.14M,-0.0010 
2024/1/12,9.62,9.56,9.69,9.55,5.78M,0.0042 
2024/1/11,9.58,9.54,9.63,9.52,4.56M,0.0031 
2024/1/10,9.55,9.47,9.58,9.4,4.63M,0.0074 
2024/1/9,9.48,9.5,9.58,9.46,4.97M,-0.0032 
2024/1/8,9.51,9.69,9.7,9.5,5.33M,-0.0196 
2024/1/5,9.7,9.77,9.83,9.67,5.29M,-0.0082 
2024/1/4,9.78,9.84,9.84,9.72,5.88M,-0.0071 
2024/1/3,9.85,9.86,9.91,9.82,5.16M,-0.0020 
2024/1/2,9.87,9.84,9.9,9.8,5.98M,0.0000 
2023/12/29,9.87,9.84,9.91,9.75,8.41M,0.0030 
2023/12/28,9.84,9.6,9.87,9.6,11.66M,0.0250 
2023/12/27,9.6,9.45,9.63,9.4,10.23M,0.0191 
2023/12/26,9.42,9.48,9.5,9.38,6.02M,-0.0095 
2023/12/25,9.51,9.55,9.57,9.48,5.20M,-0.0052 
2023/12/22,9.56,9.54,9.62,9.47,7.54M,0.0000 
2023/12/21,9.56,9.66,9.67,9.42,10.73M,-0.0124 
2023/12/20,9.68,9.76,9.82,9.67,5.98M,-0.0082 
2023/12/19,9.76,9.82,9.82,9.73,5.69M,-0.0071 
2023/12/18,9.83,9.9,9.92,9.81,6.63M,-0.0081 
2023/12/15,9.91,9.9,9.95,9.86,6.33M,0.0010 
2023/12/14,9.9,10,10.07,9.87,7.96M,-0.0040 
2023/12/13,9.94,10.02,10.02,9.93,4.99M,-0.0080 
2023/12/12,10.02,9.99,10.02,9.93,4.81M,0.0020 
2023/12/11,10,10,10.01,9.85,6.77M,0.0000 
2023/12/8,10,10.03,10.04,9.96,6.58M,-0.0020 
2023/12/7,10.02,9.98,10.05,9.92,6.07M,0.0040 
2023/12/6,9.98,9.96,10.01,9.91,5.17M,0.0020 
2023/12/5,9.96,10.13,10.15,9.96,14.27M,-0.0235 
2023/12/4,10.2,10.11,10.3,10.1,20.17M,0.0190 
2023/12/1,10.01,10.05,10.06,9.88,15.60M,-0.0050 
2023/11/30,10.06,10.21,10.21,10.02,14.00M,-0.0166 
2023/11/29,10.23,10.25,10.31,10.2,16.89M,-0.0010 
2023/11/28,10.24,10.28,10.29,10.2,5.82M,-0.0019 
2023/11/27,10.26,10.23,10.29,10.19,9.13M,0.0039 
2023/11/24,10.22,10.32,10.32,10.21,10.62M,-0.0097 
2023/11/23,10.32,10.31,10.33,10.26,9.51M,0.0010 
2023/11/22,10.31,10.42,10.42,10.31,7.81M,-0.0087 
2023/11/21,10.4,10.43,10.47,10.38,9.65M,-0.0010 
2023/11/20,10.41,10.38,10.43,10.34,9.35M,0.0019 
2023/11/17,10.39,10.35,10.39,10.32,5.18M,0.0048 
2023/11/16,10.34,10.42,10.42,10.3,5.84M,-0.0086 
2023/11/15,10.43,10.43,10.48,10.41,7.38M,0.0038 
2023/11/14,10.39,10.38,10.41,10.34,6.40M,0.0000 
2023/11/13,10.39,10.32,10.39,10.28,6.81M,0.0048 
2023/11/10,10.34,10.37,10.41,10.3,12.09M,-0.0048 
2023/11/9,10.39,10.41,10.42,10.37,4.95M,-0.0019 
2023/11/8,10.41,10.53,10.53,10.35,10.91M,-0.0114 
2023/11/7,10.53,10.51,10.56,10.42,9.70M,-0.0019 
2023/11/6,10.55,10.48,10.55,10.47,10.56M,0.0086 
2023/11/3,10.46,10.45,10.5,10.4,6.35M,0.0019 
2023/11/2,10.44,10.52,10.54,10.42,6.42M,-0.0067 
2023/11/1,10.51,10.6,10.62,10.49,8.21M,-0.0085 
2023/10/31,10.6,10.67,10.69,10.52,8.28M,-0.0112 
2023/10/30,10.72,10.68,10.84,10.63,8.34M,-0.0028 
2023/10/27,10.75,10.51,10.76,10.51,9.95M,0.0170 
2023/10/26,10.57,10.45,10.57,10.38,6.06M,0.0076 
2023/10/25,10.49,10.5,10.53,10.45,6.38M,0.0058 
2023/10/24,10.43,10.4,10.44,10.31,6.46M,0.0077 
2023/10/23,10.35,10.66,10.67,10.3,11.34M,-0.0354 
2023/10/20,10.73,10.71,10.77,10.67,6.03M,0.0056 
2023/10/19,10.67,10.69,10.72,10.64,6.71M,-0.0019 
2023/10/18,10.69,10.81,10.82,10.69,8.15M,-0.0111 
2023/10/17,10.81,10.89,10.89,10.77,7.98M,-0.0146 
2023/10/16,10.97,10.85,11.08,10.85,17.06M,0.0214 
2023/10/13,10.74,10.84,10.84,10.73,7.18M,-0.0110 
2023/10/12,10.86,10.79,10.88,10.79,7.15M,0.0112 
2023/10/11,10.74,10.87,10.88,10.72,7.97M,-0.0101 
2023/10/10,10.85,10.83,10.89,10.78,8.00M,0.0037 
2023/10/9,10.81,11.03,11.03,10.73,14.09M,-0.0199 
2023/9/28,11.03,10.95,11.04,10.91,5.80M,0.0046 
2023/9/27,10.98,10.98,11.05,10.98,6.48M,-0.0027 
2023/9/26,11.01,11.04,11.07,10.98,5.56M,-0.0027 
2023/9/25,11.04,11.08,11.14,11.02,6.48M,-0.0054 
2023/9/22,11.1,10.95,11.11,10.89,7.86M,0.0073 
2023/9/21,11.02,11.24,11.24,10.92,14.96M,-0.0213 
2023/9/20,11.26,11.23,11.29,11.16,7.07M,0.0009 
2023/9/19,11.25,11.35,11.37,11.23,9.96M,-0.0071 
2023/9/18,11.33,11.5,11.55,11.32,18.93M,-0.0241 
2023/9/15,11.61,11.35,11.85,11.35,43.32M,0.0247 
2023/9/14,11.33,11.13,11.41,11.13,20.74M,0.0198 
2023/9/13,11.11,11.15,11.18,11.05,7.43M,-0.0036 
2023/9/12,11.15,11.12,11.17,11.11,5.50M,-0.0018 
2023/9/11,11.17,11.2,11.21,11.12,11.53M,-0.0027 
2023/9/8,11.2,11,11.2,11,10.06M,0.0173 
2023/9/7,11.01,11.1,11.1,11,6.65M,-0.0081 
2023/9/6,11.1,11.1,11.14,11.03,5.98M,-0.0018 
2023/9/5,11.12,11.23,11.23,11.05,8.83M,-0.0098 
2023/9/4,11.23,11.17,11.25,11.15,9.61M,0.0072 
2023/9/1,11.15,11.05,11.18,11.01,10.67M,0.0109 
2023/8/31,11.03,10.96,11.07,10.95,11.14M,0.0064 
2023/8/30,10.96,11.02,11.25,10.91,14.40M,-0.0054 
2023/8/29,11.02,10.71,11.06,10.66,14.96M,0.0280 
2023/8/28,10.72,11.06,11.17,10.67,23.23M,0.0047 
2023/8/25,10.67,11.06,11.07,10.64,19.17M,-0.0361 
2023/8/24,11.07,11.04,11.2,11.03,15.16M,0.0054 
2023/8/23,11.01,11.2,11.2,11,11.49M,-0.0178 
2023/8/22,11.21,11.22,11.26,11.03,10.13M,0.0000 
2023/8/21,11.21,11.21,11.32,11.2,6.97M,0.0009 
2023/8/18,11.2,11.37,11.42,11.19,11.55M,-0.0193 
2023/8/17,11.42,11.28,11.45,11.17,11.45M,0.0053 
2023/8/16,11.36,11.68,11.68,11.35,23.34M,-0.0282 
2023/8/15,11.69,11.87,11.87,11.65,17.17M,-0.0102 
2023/8/14,11.81,11.75,11.84,11.73,9.92M,-0.0008 
2023/8/11,11.82,11.92,11.92,11.8,10.25M,-0.0092 
2023/8/10,11.93,11.9,11.94,11.88,5.44M,0.0034 
2023/8/9,11.89,12,12,11.88,8.05M,-0.0092 
2023/8/8,12,11.9,12.02,11.86,9.27M,0.0084 
2023/8/7,11.9,12.05,12.07,11.77,19.54M,-0.0108 
2023/8/4,12.03,12.08,12.15,11.98,11.50M,-0.0017 
2023/8/3,12.05,12.08,12.09,11.99,9.17M,-0.0050 
2023/8/2,12.11,12.23,12.23,12.1,11.39M,-0.0106 
2023/8/1,12.24,12.13,12.25,12.1,18.29M,0.0091 
2023/7/31,12.13,12.05,12.13,12.02,15.33M,0.0100 
2023/7/28,12.01,11.94,12.04,11.86,11.50M,0.0033 
2023/7/27,11.97,11.97,12.04,11.92,7.89M,-0.0008 
2023/7/26,11.98,12,12.04,11.92,7.54M,-0.0017 
2023/7/25,12,11.91,12,11.91,12.00M,0.0101 
2023/7/24,11.88,11.88,11.91,11.83,5.90M,-0.0025 
2023/7/21,11.91,11.88,11.98,11.86,7.12M,-0.0008 
2023/7/20,11.92,12.01,12.05,11.9,11.29M,-0.0091 
2023/7/19,12.03,11.9,12.08,11.9,16.28M,0.0135 
2023/7/18,11.87,11.91,11.94,11.85,8.84M,-0.0059 
2023/7/17,11.94,11.92,12,11.88,6.26M,-0.0017 
2023/7/14,11.96,12.01,12.1,11.93,8.97M,-0.0075 
2023/7/13,12.05,11.96,12.15,11.95,18.91M,0.0143 
2023/7/12,11.88,12,12.02,11.85,8.14M,-0.0092 
2023/7/11,11.99,11.91,12,11.84,9.82M,0.0067 
2023/7/10,11.91,11.9,11.95,11.86,6.80M,0.0008 
2023/7/7,11.9,11.85,11.92,11.73,10.22M,0.0042 
2023/7/6,11.85,11.94,11.99,11.83,9.69M,-0.0125 
2023/7/5,12,11.97,12.08,11.95,9.70M,0.0000 
2023/7/4,12,12.11,12.12,11.95,8.45M,-0.0099 
2023/7/3,12.12,11.87,12.17,11.84,20.54M,0.0262 
2023/6/30,11.81,11.81,11.87,11.77,10.02M,0.0025 
2023/6/29,11.78,11.86,11.86,11.75,9.33M,-0.0067 
2023/6/28,11.86,12.09,12.09,11.75,15.20M,-0.0198 
2023/6/27,12.1,11.71,12.12,11.7,23.41M,0.0342 
2023/6/26,11.7,11.87,12.05,11.7,17.20M,-0.0143 
2023/6/21,11.87,11.83,11.93,11.75,11.37M,-0.0008 
2023/6/20,11.88,11.9,12.03,11.82,9.98M,-0.0025 
2023/6/19,11.91,12.07,12.09,11.9,11.35M,-0.0124 
2023/6/16,12.06,12.05,12.13,12.01,8.53M,-0.0008 
2023/6/15,12.07,12.09,12.11,11.91,14.87M,-0.0041 
2023/6/14,12.12,12.07,12.15,12.01,13.59M,0.0041 
2023/6/13,12.07,11.95,12.08,11.89,10.29M,0.0100 
2023/6/12,11.95,11.9,12,11.82,8.19M,0.0008 
2023/6/9,11.94,11.9,11.96,11.86,7.30M,0.0025 
2023/6/8,11.91,11.82,11.91,11.76,7.66M,0.0042 
2023/6/7,11.86,11.93,11.94,11.79,10.14M,-0.0067 
2023/6/6,11.94,12.01,12.06,11.87,12.21M,-0.0050 
2023/6/5,12,12.11,12.15,11.92,14.17M,-0.0115 
2023/6/2,12.14,11.92,12.18,11.82,27.35M,-0.0057 
2023/6/1,12.21,12.25,12.3,12.17,13.29M,-0.0049 
2023/5/31,12.27,12.19,12.29,12.13,12.14M,0.0066 
2023/5/30,12.19,12.23,12.28,12.11,9.76M,-0.0008 
2023/5/29,12.2,12.09,12.2,12,11.61M,0.0116 
2023/5/26,12.06,12,12.08,11.95,7.87M,-0.0008 
2023/5/25,12.07,12.01,12.11,11.92,11.56M,-0.0049 
2023/5/24,12.13,12.09,12.19,12.04,8.56M,0.0008 
2023/5/23,12.12,12.23,12.31,12.08,15.90M,-0.0114 
2023/5/22,12.26,12.27,12.27,12.12,9.24M,-0.0008 
2023/5/19,12.27,12.15,12.28,11.96,14.56M,0.0025 
2023/5/18,12.24,12.2,12.3,12.17,14.92M,0.0049 
2023/5/17,12.18,12.17,12.24,12.12,17.73M,-0.0049 
2023/5/16,12.24,12.49,12.52,12.21,13.99M,-0.0192 
2023/5/15,12.48,12.56,12.6,12.16,19.88M,-0.0064 
2023/5/12,12.56,12.7,12.75,12.52,16.35M,-0.0149 
2023/5/11,12.75,12.84,12.95,12.67,25.02M,-0.0070 
2023/5/10,12.84,13.07,13.09,12.78,32.77M,-0.0176 
2023/5/9,13.07,12.6,13.38,12.46,72.38M,0.0259 
2023/5/8,12.74,12.55,12.77,12.36,29.04M,0.0095 
2023/5/5,12.62,12.71,13.04,12.6,33.70M,-0.0063 
2023/5/4,12.7,12.32,12.88,12.32,51.94M,0.0513 
2023/4/28,12.08,11.89,12.14,11.81,15.65M,0.0134 
2023/4/27,11.92,11.76,11.96,11.67,14.80M,0.0093 
2023/4/26,11.81,11.81,11.83,11.63,14.18M,0.0000 
2023/4/25,11.81,11.95,12.11,11.57,21.52M,-0.0042 
2023/4/24,11.86,12.2,12.22,11.8,28.70M,-0.0271 
2023/4/21,12.19,12.38,12.55,12.17,21.39M,-0.0193 
2023/4/20,12.43,12.4,12.45,12.28,14.24M,0.0000 
2023/4/19,12.43,12.68,12.79,12.38,21.66M,-0.0189 
2023/4/18,12.67,12.63,12.87,12.56,18.93M,-0.0055 
2023/4/17,12.74,12.6,12.77,12.51,22.48M,-0.0078 
2023/4/14,12.84,13,13.08,12.75,34.23M,0.0008 
2023/4/13,12.83,12.73,13,12.7,33.31M,0.0031 
2023/4/12,12.79,12.73,12.94,12.72,36.41M,-0.0008 
2023/4/11,12.8,12.64,12.87,12.56,37.44M,0.0119 
2023/4/10,12.65,12.65,12.71,12.52,20.98M,-0.0016 
2023/4/7,12.67,12.55,12.71,12.45,31.17M,-0.0008 
2023/4/6,12.68,12.56,12.85,12.55,48.02M,0.0193 
2023/4/4,12.44,12.28,12.5,12.28,29.46M,0.0139 
2023/4/3,12.27,12.21,12.3,12.12,16.13M,-0.0008 
2023/3/31,12.28,12.2,12.32,12.19,16.22M,0.0099 
2023/3/30,12.16,12.12,12.19,12.06,14.07M,0.0008 
2023/3/29,12.15,12.4,12.43,12.11,25.09M,-0.0178 
2023/3/28,12.37,12.34,12.42,12.26,16.43M,-0.0008 
2023/3/27,12.38,12.41,12.45,12.23,28.91M,-0.0096 
2023/3/24,12.5,12.84,12.87,12.42,37.33M,-0.0242 
2023/3/23,12.81,12.85,12.88,12.6,35.18M,0.0016 
2023/3/22,12.79,12.71,12.85,12.62,34.65M,-0.0085 
2023/3/21,12.9,12.99,13.01,12.79,48.56M,-0.0220 
2023/3/20,13.19,12.81,13.33,12.65,83.91M,0.0502 
2023/3/17,12.56,12.48,12.6,12.36,40.73M,-0.0141 
2023/3/16,12.74,12.69,12.87,12.61,45.17M,0.0111 
2023/3/15,12.6,12.6,12.78,12.47,43.30M,-0.0202 
2023/3/14,12.86,12.72,13.02,12.64,77.91M,0.0288 
2023/3/13,12.5,12.41,12.55,12.29,32.63M,0.0221 
2023/3/10,12.23,12.17,12.34,12.15,20.28M,0.0066 
2023/3/9,12.15,12.27,12.31,12.12,12.67M,-0.0098 
2023/3/8,12.27,12.25,12.36,12.1,22.02M,-0.0160 
2023/3/7,12.47,12.36,12.72,12.32,49.67M,0.0040 
2023/3/6,12.42,12.14,12.42,12.13,38.30M,0.0239 
2023/3/3,12.13,12.09,12.13,12.04,15.60M,0.0050 
2023/3/2,12.07,12.15,12.16,12.02,16.63M,-0.0058 
2023/3/1,12.14,12.11,12.16,12.04,16.09M,0.0025 
2023/2/28,12.11,12.03,12.11,11.98,12.10M,0.0075 
2023/2/27,12.02,12.15,12.16,12,18.59M,-0.0139 
2023/2/24,12.19,12.26,12.27,12.08,17.58M,-0.0057 
2023/2/23,12.26,12.21,12.28,12.21,10.24M,0.0049 
2023/2/22,12.2,12.44,12.44,12.18,22.55M,-0.0217 
2023/2/21,12.47,12.4,12.5,12.35,13.77M,0.0065 
2023/2/20,12.39,12.32,12.4,12.2,14.22M,0.0073 
2023/2/17,12.3,12.45,12.51,12.28,15.00M,-0.0113 
2023/2/16,12.44,12.69,12.74,12.35,22.37M,-0.0235 
2023/2/15,12.74,12.81,12.9,12.67,13.67M,-0.0055 
2023/2/14,12.81,12.67,12.83,12.57,18.48M,0.0110 
2023/2/13,12.67,12.72,12.73,12.51,17.11M,-0.0031 
2023/2/10,12.71,12.79,12.86,12.64,13.68M,-0.0124 
2023/2/9,12.87,12.73,12.89,12.61,14.47M,0.0126 
2023/2/8,12.71,13.02,13.02,12.66,17.21M,-0.0193 
2023/2/7,12.96,12.8,13.08,12.7,29.56M,0.0343 
2023/2/6,12.53,12.7,12.75,12.48,20.09M,-0.0287 
2023/2/3,12.9,13.18,13.19,12.67,33.03M,-0.0293 
2023/2/2,13.29,13.38,13.54,13.17,28.67M,-0.0008 
2023/2/1,13.3,13.19,13.53,13.15,25.08M,0.0053 
2023/1/31,13.23,13.16,13.41,13.1,14.41M,0.0030 
2023/1/30,13.19,13.52,13.65,13.17,28.30M,-0.0201 
2023/1/20,13.46,13.09,13.51,13.09,28.15M,0.0275 
2023/1/19,13.1,12.88,13.27,12.71,17.53M,0.0195 
2023/1/18,12.85,12.93,13.05,12.8,13.38M,-0.0054 
2023/1/17,12.92,13.19,13.24,12.77,26.28M,-0.0212 
2023/1/16,13.2,13.3,13.45,13.13,15.53M,-0.0030 
2023/1/13,13.24,13.24,13.38,13.12,14.84M,0.0061 
2023/1/12,13.16,13.27,13.34,13.1,10.73M,-0.0053 
2023/1/11,13.23,13.3,13.49,13.22,12.22M,-0.0119 
2023/1/10,13.39,13.28,13.6,13.12,20.69M,0.0068 
2023/1/9,13.3,13.05,13.33,12.98,23.43M,0.0318 
2023/1/6,12.89,13.01,13.16,12.89,11.92M,-0.0153 
2023/1/5,13.09,12.8,13.4,12.68,29.19M,0.0187 
2023/1/4,12.85,12.83,12.91,12.62,9.91M,-0.0023 
2023/1/3,12.88,12.62,12.9,12.55,12.93M,0.0190 
2022/12/30,12.64,12.67,12.75,12.5,7.84M,-0.0008 
2022/12/29,12.65,12.51,12.84,12.48,11.39M,0.0032 
2022/12/28,12.61,12.63,12.78,12.48,14.44M,-0.0008 
2022/12/27,12.62,12.11,12.63,12.11,16.02M,0.0404 
2022/12/26,12.13,12.15,12.16,11.97,7.29M,0.0041 
2022/12/23,12.08,12.16,12.28,11.95,12.17M,-0.0139 
2022/12/22,12.25,12.42,12.56,12.2,10.21M,-0.0065 
2022/12/21,12.33,12.39,12.45,12.24,10.20M,0.0090 
2022/12/20,12.22,12.43,12.45,12.15,12.61M,-0.0208 
2022/12/19,12.48,12.77,12.84,12.35,15.04M,-0.0227 
2022/12/16,12.77,12.85,12.9,12.6,10.37M,-0.0139 
2022/12/15,12.95,12.96,13.17,12.76,13.27M,-0.0107 
2022/12/14,13.09,13.04,13.24,12.96,13.51M,0.0054 
2022/12/13,13.02,12.76,13.18,12.76,13.13M,0.0132 
2022/12/12,12.85,13.11,13.13,12.83,15.90M,-0.0287 
2022/12/9,13.23,13.16,13.25,12.9,16.33M,0.0061 
2022/12/8,13.15,13.39,13.48,13.06,17.61M,-0.0179 
2022/12/7,13.39,13.48,13.76,13.22,24.33M,-0.0140 
2022/12/6,13.58,13.12,13.66,12.93,38.52M,0.0211 
2022/12/5,13.3,12.95,13.5,12.87,33.77M,0.0294 
2022/12/2,12.92,13.38,13.46,12.77,33.62M,-0.0100 
2022/12/1,13.05,12.98,13.27,12.85,38.21M,0.0284 
2022/11/30,12.69,12.37,12.75,12.22,24.42M,0.0250 
2022/11/29,12.38,12.17,12.48,12.13,24.40M,0.0173 
2022/11/28,12.17,12.05,12.26,11.82,20.32M,0.0016 
2022/11/25,12.15,12.03,12.34,11.97,17.42M,0.0041 
2022/11/24,12.1,12.09,12.18,12.04,13.71M,0.0058 
2022/11/23,12.03,12.3,12.3,11.98,16.92M,-0.0227 
2022/11/22,12.31,12.31,12.47,12.1,17.28M,-0.0032 
2022/11/21,12.35,12.56,12.57,12.2,18.03M,-0.0206 
2022/11/18,12.61,12.2,12.94,12.17,44.83M,0.0430 
2022/11/17,12.09,12.1,12.1,11.92,14.24M,-0.0049 
2022/11/16,12.15,12.11,12.42,12.06,18.52M,0.0025 
2022/11/15,12.12,11.89,12.14,11.85,16.68M,0.0151 
2022/11/14,11.94,12.28,12.32,11.91,20.73M,-0.0269 
2022/11/11,12.27,12.18,12.36,12.05,43.71M,0.0416 
2022/11/10,11.78,11.95,12.07,11.71,25.73M,-0.0240 
2022/11/9,12.07,12.38,12.48,12,38.24M,-0.0082 
2022/11/8,12.17,11.59,12.33,11.45,53.85M,0.0473 
2022/11/7,11.62,11.41,11.68,11.23,35.14M,0.0366 
2022/11/4,11.21,10.97,11.25,10.87,26.52M,0.0219 
2022/11/3,10.97,11.1,11.16,10.81,25.01M,-0.0205 
2022/11/2,11.2,10.97,11.25,10.88,19.25M,0.0200 
2022/11/1,10.98,10.56,11,10.51,18.04M,0.0398 
2022/10/31,10.56,10.76,10.76,10.5,14.12M,-0.0213 
2022/10/28,10.79,11,11.09,10.7,17.01M,-0.0271 
2022/10/27,11.09,11.05,11.27,10.97,15.77M,0.0064 
2022/10/26,11.02,10.97,11.16,10.87,15.12M,0.0101 
2022/10/25,10.91,11.17,11.21,10.73,15.32M,-0.0145 
2022/10/24,11.07,11.22,11.53,10.91,19.26M,-0.0107 
2022/10/21,11.19,11.28,11.37,11.13,9.17M,-0.0115 
2022/10/20,11.32,11.27,11.47,11.17,13.58M,-0.0061 
2022/10/19,11.39,11.73,11.73,11.37,15.62M,-0.0331 
2022/10/18,11.78,11.75,11.97,11.65,23.89M,0.0034 
2022/10/17,11.74,11.23,11.75,11.2,27.88M,0.0353 
2022/10/14,11.34,11.08,11.5,11.02,26.37M,0.0309 
2022/10/13,11,10.92,11.2,10.85,17.87M,-0.0063 
2022/10/12,11.07,10.95,11.18,10.62,27.81M,0.0100 
2022/10/11,10.96,10.78,10.96,10.5,18.95M,0.0195 
2022/10/10,10.75,11.03,11.1,10.7,18.68M,-0.0254 
2022/9/30,11.03,11.24,11.46,10.97,21.95M,-0.0169 
2022/9/29,11.22,11.25,11.49,11.13,26.57M,0.0018 
2022/9/28,11.2,11.85,11.85,11.15,26.99M,-0.0508 
2022/9/27,11.8,11.92,12.03,11.57,31.50M,-0.0059 
2022/9/26,11.87,12.13,12.21,11.83,20.23M,-0.0381 
2022/9/23,12.34,12.67,12.7,12.1,17.81M,-0.0222 
2022/9/22,12.62,12.8,13.12,12.51,16.10M,-0.0148 
2022/9/21,12.81,12.93,12.95,12.55,15.93M,-0.0070 
2022/9/20,12.9,12.82,13,12.62,16.90M,0.0230 
2022/9/19,12.61,13,13.06,12.21,35.56M,-0.0396 
2022/9/16,13.13,13.4,13.51,12.94,24.08M,-0.0338 
2022/9/15,13.59,14.1,14.16,13.26,30.43M,-0.0348 
2022/9/14,14.08,14.46,14.69,14,30.11M,-0.0461 
2022/9/13,14.76,15,15.41,14.65,31.89M,-0.0094 
2022/9/9,14.9,15.15,15.32,14.77,20.97M,-0.0204 
2022/9/8,15.21,15.09,15.42,14.91,24.74M,0.0147 
2022/9/7,14.99,14.74,15.15,14.72,20.96M,-0.0033 
2022/9/6,15.04,14.3,15.24,14.26,34.54M,0.0629 
2022/9/5,14.15,13.6,14.31,13.57,28.26M,0.0435 
2022/9/2,13.56,13.48,13.67,13.23,14.95M,0.0127 
2022/9/1,13.39,13.65,13.76,13.34,12.78M,-0.0154 
2022/8/31,13.6,14.18,14.22,13.51,24.33M,-0.0355 
2022/8/30,14.1,14.43,14.57,14,16.65M,-0.0229 
2022/8/29,14.43,14.08,14.78,13.99,28.94M,0.0249 
2022/8/26,14.08,13.85,14.63,13.85,24.20M,-0.0202 
2022/8/25,14.37,14.53,14.7,14.08,32.95M,-0.0117 
2022/8/24,14.54,15.45,15.49,14.46,35.21M,-0.0577 
2022/8/23,15.43,15.15,15.78,14.7,29.32M,0.0131 
2022/8/22,15.23,16,16,14.38,47.51M,-0.0312 
2022/8/19,15.72,16.36,17.46,15.71,41.32M,-0.0391 
2022/8/18,16.36,16.2,16.81,15.88,32.07M,-0.0006 
2022/8/17,16.37,15.78,16.7,15.73,43.34M,0.0354 
2022/8/16,15.81,16.59,16.59,15.59,47.79M,-0.0550 
2022/8/15,16.73,16.9,16.9,16.08,46.07M,-0.0188 
2022/8/12,17.05,16.35,17.49,16.04,44.66M,0.0473 
2022/8/11,16.28,16.75,17.5,16.03,54.30M,-0.0424 
2022/8/10,17,15.45,17.05,15.43,63.25M,0.0968 
2022/8/9,15.5,14.81,15.75,14.71,40.06M,0.0431 
2022/8/8,14.86,14.28,15,14.22,27.71M,0.0341 
2022/8/5,14.37,13.94,14.44,13.87,31.28M,0.0443 
2022/8/4,13.76,13.74,14.09,13.38,19.97M,0.0029 
2022/8/3,13.72,13.65,14.36,13.33,38.74M,0.0015 
2022/8/2,13.7,14.58,14.83,13.64,37.47M,-0.0571 
2022/8/1,14.53,14.81,15,14.44,33.61M,0.0041 
2022/7/29,14.47,14.63,14.99,14.26,33.43M,-0.0048 
2022/7/28,14.54,14.55,15.05,14.51,57.80M,0.0139 
2022/7/27,14.34,13.5,14.8,13.31,76.98M,0.0646 
2022/7/26,13.47,13.76,13.76,12.93,56.03M,-0.0211 
2022/7/25,13.76,13.27,14.08,13.27,55.98M,0.0488 
2022/7/22,13.12,13.18,13.46,12.9,22.76M,-0.0061 
2022/7/21,13.2,13.55,13.91,13.18,31.61M,-0.0222 
2022/7/20,13.5,12.8,13.55,12.69,41.37M,0.0563 
2022/7/19,12.78,12.9,13.15,12.74,22.13M,-0.0177 
2022/7/18,13.01,12.91,13.18,12.63,25.38M,0.0093 
2022/7/15,12.89,13.27,13.35,12.75,31.99M,-0.0279 
2022/7/14,13.26,12.4,13.5,12.23,53.97M,0.0668 
2022/7/13,12.43,12.01,12.64,12.01,25.20M,0.0358 
2022/7/12,12,11.92,12.29,11.78,19.51M,-0.0050 
2022/7/11,12.06,12.69,12.95,11.96,28.46M,-0.0474 
2022/7/8,12.66,11.86,13,11.85,44.96M,0.0603 
2022/7/7,11.94,11.81,11.98,11.69,16.32M,0.0205 
2022/7/6,11.7,11.68,11.89,11.58,10.08M,-0.0143 
2022/7/5,11.87,11.72,12.05,11.7,16.57M,0.0076 
2022/7/4,11.78,11.68,11.81,11.6,12.92M,0.0060 
2022/7/1,11.71,11.58,12,11.58,21.80M,0.0009 
2022/6/30,11.7,11.55,11.86,11.37,21.90M,0.0034 
2022/6/29,11.66,11.09,12,10.96,35.87M,0.0467 
2022/6/28,11.14,11.23,11.28,11.03,11.99M,-0.0071 
2022/6/27,11.22,11.15,11.36,11.1,16.83M,0.0172 
2022/6/24,11.03,10.93,11.09,10.89,11.69M,0.0009 
2022/6/23,11.02,10.93,11.26,10.83,19.00M,0.0110 
2022/6/22,10.9,11.11,11.17,10.85,13.87M,-0.0180 
2022/6/21,11.1,11.3,11.38,10.9,19.43M,-0.0177 
2022/6/20,11.3,11.52,11.7,11.25,27.45M,-0.0259 
2022/6/17,11.6,11.29,11.87,11.29,44.05M,0.0348 
2022/6/16,11.21,10.65,11.49,10.6,53.23M,0.0585 
2022/6/15,10.59,10.45,10.79,10.44,26.13M,0.0105 
2022/6/14,10.48,10.57,10.67,10.28,20.10M,-0.0269 
2022/6/13,10.77,10.53,10.97,10.53,30.36M,0.0316 
2022/6/10,10.44,10.29,10.44,10.17,9.40M,0.0048 
2022/6/9,10.39,10.48,10.52,10.26,16.29M,-0.0105 
2022/6/8,10.5,10.69,10.69,10.33,16.28M,-0.0187 
2022/6/7,10.7,10.8,10.8,10.59,10.88M,-0.0273 
2022/6/6,11,10.92,11.05,10.84,10.55M,0.0073 
2022/6/2,10.92,10.92,10.96,10.81,8.73M,-0.0036 
2022/6/1,10.96,10.94,11.06,10.86,8.93M,-0.0081 
2022/5/31,11.05,11.09,11.1,10.98,9.54M,-0.0018 
2022/5/30,11.07,11.02,11.1,10.88,11.07M,0.0064 
2022/5/27,11,11.01,11.15,10.91,10.26M,0.0000 
2022/5/26,11,10.92,11.07,10.8,9.11M,-0.0045 
2022/5/25,11.05,10.78,11.36,10.78,16.33M,0.0250 
2022/5/24,10.78,11.15,11.48,10.78,14.41M,-0.0341 
2022/5/23,11.16,10.83,11.19,10.74,12.61M,0.0314 
2022/5/20,10.82,10.85,10.91,10.75,6.45M,0.0093 
2022/5/19,10.72,10.7,10.73,10.58,4.76M,-0.0092 
2022/5/18,10.82,10.8,10.86,10.72,5.02M,-0.0055 
2022/5/17,10.88,10.9,11,10.81,6.18M,-0.0055 
2022/5/16,10.94,10.74,11.09,10.65,12.39M,0.0186 
2022/5/13,10.74,10.66,10.82,10.58,6.38M,-0.0009 
2022/5/12,10.75,10.76,10.85,10.63,8.09M,0.0066 
2022/5/11,10.68,10.62,10.9,10.51,9.83M,0.0047 
2022/5/10,10.63,10.48,10.64,10.33,6.98M,-0.0019 
2022/5/9,10.65,10.5,10.79,10.31,8.25M,0.0104 
2022/5/6,10.54,10.79,10.79,10.42,10.31M,-0.0409 
2022/5/5,10.99,10.74,11.07,10.53,9.72M,0.0223 
2022/4/29,10.75,10.25,10.8,10.25,12.60M,0.0539 
2022/4/28,10.2,10.45,10.45,10.1,9.67M,-0.0332 
2022/4/27,10.55,10.14,10.56,9.8,15.75M,0.0384 
2022/4/26,10.16,10.35,10.67,10.1,14.59M,-0.0184 
2022/4/25,10.35,11.1,11.22,10.16,16.98M,-0.0709 
2022/4/22,11.14,11.18,11.25,10.93,10.36M,-0.0107 
2022/4/21,11.26,11.78,11.86,11.09,15.97M,-0.0593 
2022/4/20,11.97,11.99,12.17,11.73,11.74M,-0.0156 
2022/4/19,12.16,11.63,12.5,11.52,21.77M,0.0456 
2022/4/18,11.63,11.74,11.79,11.5,9.38M,-0.0068 
2022/4/15,11.71,12,12,11.61,13.71M,-0.0242 
2022/4/14,12,12.01,12.16,11.86,13.23M,0.0033 
2022/4/13,11.96,12.21,12.33,11.9,18.59M,-0.0205 
2022/4/12,12.21,12.67,12.75,11.68,31.49M,-0.0348 
2022/4/11,12.65,13.38,13.5,12.49,24.24M,-0.0424 
2022/4/8,13.21,12.91,13.45,12.87,26.90M,0.0224 
2022/4/7,12.92,12.91,13.23,12.87,27.09M,0.0000 
2022/4/6,12.92,12.3,13.07,12.3,28.94M,0.0608 
2022/4/1,12.18,11.91,12.34,11.8,20.01M,0.0235 
2022/3/31,11.9,11.75,11.96,11.68,11.70M,0.0154 
2022/3/30,11.72,11.64,11.77,11.47,9.70M,0.0043 
2022/3/29,11.67,11.62,11.86,11.61,9.20M,-0.0102 
2022/3/28,11.79,11.64,11.99,11.51,14.23M,-0.0084 
2022/3/25,11.89,12.2,12.46,11.88,30.73M,-0.0092 
2022/3/24,12,11.31,12.17,11.3,35.03M,0.0619 
2022/3/23,11.3,11.19,11.4,11.14,10.73M,0.0018 
2022/3/22,11.28,11.35,11.42,11.23,12.22M,-0.0070 
2022/3/21,11.36,11.11,11.5,11.11,13.42M,0.0098 
2022/3/18,11.25,11.32,11.33,11.08,13.51M,-0.0018 
2022/3/17,11.27,10.94,11.55,10.73,29.00M,0.0321 
2022/3/16,10.92,10.9,11.22,10.1,33.22M,0.0009 
2022/3/15,10.91,12,12.02,10.89,34.57M,-0.0983 
2022/3/14,12.1,12.3,12.39,12.06,14.52M,-0.0304 
2022/3/11,12.48,12.69,12.69,12.2,17.01M,-0.0250 
2022/3/10,12.8,12.4,12.86,12.4,21.37M,-0.0177 
2022/3/9,13.03,13.17,13.3,12.52,24.23M,0.0000 
2022/3/8,13.03,13.4,13.4,12.46,27.20M,-0.0283 
2022/3/7,13.41,13.55,13.9,13.39,28.32M,0.0045 
2022/3/4,13.35,13.7,13.79,13.31,20.07M,-0.0234 
2022/3/3,13.67,13.85,13.9,13.57,25.67M,-0.0208 
2022/3/2,13.96,14.3,14.38,13.91,28.49M,-0.0071 
2022/3/1,14.06,14.17,14.17,13.89,27.07M,-0.0277 
2022/2/28,14.46,14.5,15.03,14.08,39.48M,-0.0028 
2022/2/25,14.5,14.62,14.99,13.82,43.25M,-0.0359 
2022/2/24,15.04,13.9,15.22,13.8,70.10M,0.0867 
2022/2/23,13.84,13.98,14,13.7,22.17M,-0.0349 
2022/2/22,14.34,13.9,14.49,13.7,37.22M,0.0583 
2022/2/21,13.55,13.68,13.73,13.52,10.63M,-0.0088 
2022/2/18,13.67,14.08,14.08,13.56,19.46M,-0.0291 
2022/2/17,14.08,13.6,14.12,13.41,28.86M,0.0430 
2022/2/16,13.5,13.2,13.64,12.91,16.73M,-0.0239 
2022/2/15,13.83,13.93,13.99,13.51,19.20M,0.0044 
2022/2/14,13.77,13.49,13.96,13.33,31.79M,0.0592 
2022/2/11,13,13.1,13.67,12.65,39.30M,-0.0203 
2022/2/10,13.27,12.08,13.28,12.07,56.88M,0.0994 
2022/2/9,12.07,12.14,12.15,11.98,18.70M,-0.0058 
2022/2/8,12.14,12.2,12.6,11.98,14.23M,-0.0257 
2022/2/7,12.46,12.45,12.66,12.32,3.95M,0.0040 
2022/1/28,12.41,12.34,12.49,12.01,5.54M,0.0016 
2022/1/27,12.39,13.08,13.12,12.08,9.87M,-0.0754 
2022/1/26,13.4,13.74,13.74,13.08,8.07M,-0.0325 
2022/1/25,13.85,13.13,13.95,13.08,14.53M,0.0556 
2022/1/24,13.12,13.41,13.41,13.03,3.85M,-0.0216 
2022/1/21,13.41,13.59,13.59,13.32,4.24M,-0.0161 
2022/1/20,13.63,13.6,13.8,13.52,4.68M,0.0074 
2022/1/19,13.53,13.52,13.56,13.5,2.35M,-0.0022 
2022/1/18,13.56,13.6,13.62,13.55,2.23M,-0.0059 
2022/1/17,13.64,13.61,13.65,13.53,2.75M,0.0022 
2022/1/14,13.61,13.77,13.77,13.59,4.08M,-0.0145 
2022/1/13,13.81,13.79,13.92,13.75,4.49M,0.0058 
2022/1/12,13.73,13.75,13.76,13.68,2.34M,0.0007 
2022/1/11,13.72,13.69,13.76,13.68,2.66M,0.0007 
2022/1/10,13.71,13.7,13.72,13.62,2.49M,-0.0007 
2022/1/7,13.72,13.76,13.79,13.7,3.10M,-0.0072 
2022/1/6,13.82,13.86,13.92,13.8,2.99M,-0.0022 
2022/1/5,13.85,13.83,13.93,13.76,4.69M,0.0022 
2022/1/4,13.82,13.7,13.83,13.69,3.52M,0.0066 
2021/12/31,13.73,13.7,13.74,13.67,2.73M,0.0037 
2021/12/30,13.68,13.68,13.72,13.65,2.44M,0.0000 
2021/12/29,13.68,13.7,13.74,13.68,2.04M,-0.0022 
2021/12/28,13.71,13.75,13.76,13.7,2.03M,-0.0029 
2021/12/27,13.75,13.75,13.76,13.69,1.99M,0.0007 
2021/12/24,13.74,13.85,13.87,13.65,4.33M,-0.0079 
2021/12/23,13.85,13.9,13.9,13.84,2.42M,-0.0007 
2021/12/22,13.86,13.9,13.93,13.86,2.99M,-0.0043 
2021/12/21,13.92,13.88,13.94,13.85,2.93M,0.0014 
2021/12/20,13.9,13.95,14,13.85,4.98M,-0.0128 
2021/12/17,14.08,14.05,14.12,13.99,7.88M,0.0086 
2021/12/16,13.96,13.98,13.99,13.9,2.81M,0.0022 
2021/12/15,13.93,13.92,14,13.9,2.82M,-0.0014 
2021/12/14,13.95,14.03,14.05,13.94,2.92M,-0.0057 
2021/12/13,14.03,14,14.04,13.97,3.24M,0.0000 
2021/12/10,14.03,14,14.16,13.98,3.89M,-0.0014 
2021/12/9,14.05,13.94,14.06,13.92,4.21M,0.0057 
2021/12/8,13.97,14.01,14.01,13.94,2.86M,0.0007 
2021/12/7,13.96,13.97,14,13.89,2.53M,-0.0007 
2021/12/6,13.97,14,14.05,13.93,3.01M,0.0000 
2021/12/3,13.97,13.91,13.99,13.88,3.00M,0.0014 
2021/12/2,13.95,13.98,14.02,13.95,3.05M,-0.0064 
2021/12/1,14.04,13.98,14.05,13.9,3.62M,-0.0021 
2021/11/30,14.07,14,14.08,14,3.68M,0.0007 
2021/11/29,14.06,14.27,14.27,14,5.86M,-0.0147 
2021/11/26,14.27,14.17,14.28,14.07,4.73M,0.0071 
2021/11/25,14.17,14.2,14.26,14.14,3.53M,0.0021 
2021/11/24,14.14,14.06,14.16,14.05,3.20M,0.0000 
2021/11/23,14.14,14.06,14.17,13.99,3.90M,0.0050 
2021/11/22,14.07,14.07,14.09,14.01,3.07M,-0.0028 
2021/11/19,14.11,14.02,14.12,13.99,3.34M,0.0007 
2021/11/18,14.1,14.17,14.23,14.05,3.24M,-0.0035 
2021/11/17,14.15,14.16,14.16,14.01,3.50M,-0.0028 
2021/11/16,14.19,14.35,14.38,14.16,4.56M,-0.0132 
2021/11/15,14.38,14.21,14.46,14.21,5.37M,0.0105 
2021/11/12,14.23,14.39,14.45,14.15,4.78M,-0.0111 
2021/11/11,14.39,14.5,14.54,14.25,7.29M,0.0134 
2021/11/10,14.2,14.05,14.49,13.98,6.62M,0.0085 
2021/11/9,14.08,14.13,14.21,13.96,4.63M,-0.0064 
2021/11/8,14.17,14.33,14.39,14.11,5.20M,0.0064 
2021/11/5,14.08,14.02,14.15,13.99,4.91M,0.0072 
2021/11/4,13.98,13.9,14.05,13.82,4.95M,-0.0064 
2021/11/3,14.07,13.9,14.17,13.9,6.63M,-0.0283 
2021/11/2,14.48,13.8,14.79,13.62,13.16M,0.0500 
2021/11/1,13.79,13.77,13.83,13.62,2.97M,-0.0029 
2021/10/29,13.83,13.77,13.85,13.6,3.27M,0.0044 
2021/10/28,13.77,14.2,14.22,13.53,6.45M,-0.0303 
2021/10/27,14.2,14.3,14.32,14.14,4.09M,-0.0105 
2021/10/26,14.35,14.38,14.5,14.1,4.68M,-0.0014 
2021/10/25,14.37,14.32,14.41,14.19,3.36M,0.0042 
2021/10/22,14.31,14.34,14.36,14.25,4.34M,-0.0076 
2021/10/21,14.42,14.34,14.59,14.34,5.97M,0.0056 
2021/10/20,14.34,14.41,14.42,14.25,4.32M,-0.0097 
2021/10/19,14.48,14.29,14.5,14.26,4.25M,0.0063 
2021/10/18,14.39,14.5,14.56,14.2,5.19M,-0.0164 
2021/10/15,14.63,14.72,14.8,14.53,8.66M,-0.0201 
2021/10/14,14.93,14.5,15.42,14.48,14.92M,0.0426 
2021/10/13,14.32,14.3,14.33,14.15,3.24M,-0.0021 
2021/10/12,14.35,14.65,14.66,14.22,5.46M,-0.0198 
2021/10/11,14.64,14.48,14.75,14.37,6.60M,0.0153 
2021/10/8,14.42,14.48,14.52,14.34,5.06M,0.0021 
2021/9/30,14.39,14.38,14.41,14.23,4.64M,0.0014 
2021/9/29,14.37,14.3,14.46,14.18,6.67M,0.0035 
2021/9/28,14.32,14.21,14.36,14.15,4.92M,0.0092 
2021/9/27,14.19,14.48,14.53,14.15,7.18M,-0.0234 
2021/9/24,14.53,14.71,14.86,14.5,7.43M,-0.0209 
2021/9/23,14.84,14.78,15,14.69,7.91M,-0.0074 
2021/9/22,14.95,15.01,15.29,14.93,7.87M,0.0007 
2021/9/17,14.94,14.86,15.08,14.64,9.39M,-0.0099 
2021/9/16,15.09,15.5,15.66,15,11.92M,-0.0308 
2021/9/15,15.57,15.4,15.88,15.21,11.21M,0.0104 
2021/9/14,15.41,16.07,16.07,15.38,19.86M,-0.0523 
2021/9/13,16.26,15.9,16.5,15.34,31.91M,0.0214 
2021/9/10,15.92,15.3,16.5,15.29,34.12M,0.0251 
2021/9/9,15.53,14.7,15.8,14.68,26.30M,0.0493 
2021/9/8,14.8,14.62,14.85,14.59,8.96M,0.0089 
2021/9/7,14.67,14.76,14.76,14.55,7.79M,-0.0081 
2021/9/6,14.79,14.32,14.84,14.32,13.29M,0.0328 
2021/9/3,14.32,14.21,14.44,14.13,6.24M,0.0042 
2021/9/2,14.26,14.28,14.29,14.2,4.76M,0.0035 
2021/9/1,14.21,14.12,14.3,14.06,5.72M,-0.0007 
2021/8/31,14.22,14.25,14.31,14.08,6.38M,-0.0104 
2021/8/30,14.37,14.66,14.72,14.35,7.46M,-0.0158 
2021/8/27,14.6,14.36,14.65,14.16,8.91M,0.0167 
2021/8/26,14.36,14.38,14.67,14.34,6.98M,-0.0055 
2021/8/25,14.44,14.47,14.52,14.35,6.10M,-0.0089 
2021/8/24,14.57,14.65,14.78,14.54,5.78M,0.0014 
2021/8/23,14.55,14.48,14.61,14.4,5.67M,-0.0075 
2021/8/20,14.66,14.4,14.73,14.15,8.06M,0.0159 
2021/8/19,14.43,14.7,14.8,14.37,9.14M,-0.0283 
2021/8/18,14.85,14.98,15,14.62,7.43M,-0.0080 
2021/8/17,14.97,14.89,15.19,14.65,10.06M,0.0013 
2021/8/16,14.95,15.16,15.49,14.93,12.46M,0.0020 
2021/8/13,14.92,14.91,15.14,14.7,12.00M,-0.0145 
2021/8/12,15.14,14.42,15.45,14.42,20.11M,0.0492 
2021/8/11,14.43,14.31,14.48,14.26,6.19M,0.0028 
2021/8/10,14.39,14.25,14.49,14.2,5.56M,0.0063 
2021/8/9,14.3,14.18,14.42,14,7.82M,-0.0069 
2021/8/6,14.4,14.01,14.72,13.9,10.78M,0.0191 
2021/8/5,14.13,14.23,14.37,14.1,5.11M,-0.0084 
2021/8/4,14.25,14.12,14.3,14.1,5.27M,0.0049 
2021/8/3,14.18,14.25,14.35,14.1,6.12M,-0.0056 
2021/8/2,14.26,14,14.44,13.85,7.50M,0.0157 
2021/7/30,14.04,14.05,14.28,13.96,5.64M,-0.0050 
2021/7/29,14.11,13.99,14.42,13.83,6.63M,0.0232 
2021/7/28,13.79,14.5,14.51,13.5,7.87M,-0.0496 
2021/7/27,14.51,14.61,14.87,14.51,6.48M,-0.0123 
2021/7/26,14.69,15.2,15.2,14.58,9.62M,-0.0348 
2021/7/23,15.22,15.09,15.43,15.07,8.67M,0.0053 
2021/7/22,15.14,15.1,15.2,15.03,5.85M,-0.0026 
2021/7/21,15.18,15.16,15.26,15.08,6.03M,-0.0046 
2021/7/20,15.25,15.05,15.35,15.05,5.09M,0.0046 
2021/7/19,15.18,15.3,15.35,15.02,7.33M,-0.0175 
2021/7/16,15.45,15.82,15.86,15.3,11.22M,-0.0259 
2021/7/15,15.86,15.55,15.86,15.49,16.22M,0.0326 
2021/7/14,15.36,15.57,15.65,15.35,5.78M,-0.0141 
2021/7/13,15.58,15.45,15.6,15.27,7.13M,0.0039 
2021/7/12,15.52,15.61,15.78,15.45,9.23M,0.0013 
2021/7/9,15.5,15.05,15.65,15.05,12.97M,0.0279 
2021/7/8,15.08,15.3,15.35,15.08,7.78M,-0.0189 
2021/7/7,15.37,15.44,15.49,15.31,5.67M,-0.0154 
2021/7/6,15.61,15.41,15.67,15.08,9.40M,0.0058 
2021/7/5,15.52,15.67,15.76,15.4,5.45M,-0.0115 
2021/7/2,15.7,15.6,15.92,15.59,6.74M,-0.0013 
2021/7/1,15.72,15.47,15.91,15.39,8.61M,0.0129 
2021/6/30,15.52,15.4,15.75,15.28,5.15M,0.0052 
2021/6/29,15.44,15.77,15.79,15.4,6.62M,-0.0289 
2021/6/28,15.9,15.96,16.01,15.81,4.81M,-0.0069 
2021/6/25,16.01,15.93,16.11,15.8,6.15M,0.0063 
2021/6/24,15.91,16.09,16.13,15.9,6.99M,-0.0149 
2021/6/23,16.15,16.2,16.23,15.95,6.84M,-0.0049 
2021/6/22,16.23,16.11,16.5,16.11,6.82M,0.0050 
2021/6/21,16.15,16.14,16.24,16.01,7.92M,-0.0212 
2021/6/18,16.5,15.76,16.99,15.5,14.99M,0.0338 
2021/6/17,15.96,15.88,16.21,15.62,7.90M,-0.0154 
2021/6/16,16.21,16.51,16.56,16.2,7.37M,-0.0247 
2021/6/15,16.62,16.82,16.82,16.5,10.22M,-0.0258 
2021/6/11,17.06,17.04,17.1,16.94,6.72M,0.0071 
2021/6/10,16.94,17.11,17.12,16.9,9.43M,-0.0145 
2021/6/9,17.19,17.14,17.29,17,7.88M,0.0023 
2021/6/8,17.15,17.3,17.39,17.11,8.54M,-0.0087 
2021/6/7,17.3,17.31,17.5,17.15,8.26M,0.0041 
2021/6/4,17.23,17.13,17.26,16.88,11.01M,-0.0154 
2021/6/3,17.5,17.45,17.56,17.3,10.48M,0.0023 
2021/6/2,17.46,17.65,17.67,17.35,16.94M,-0.0262 
2021/6/1,17.93,17.76,17.98,17.6,18.47M,0.0130 
2021/5/31,17.7,17.64,17.87,17.61,16.02M,0.0085 
2021/5/28,17.55,17.8,17.85,17.51,18.53M,-0.0190 
2021/5/27,17.89,17.86,17.95,17.6,25.90M,-0.0282 
2021/5/26,18.41,17.5,18.8,17.5,43.94M,0.0599 
2021/5/25,17.37,17.2,17.43,17,14.43M,-0.0052 
2021/5/24,17.46,17.38,17.63,17.3,13.39M,0.0075 
2021/5/21,17.33,17.3,17.38,17.16,11.36M,-0.0069 
2021/5/20,17.45,17.6,17.67,17.11,19.44M,-0.0197 
2021/5/19,17.8,17.33,17.85,17.33,22.11M,-0.0056 
2021/5/18,17.9,18.74,18.99,17.9,33.87M,-0.0067 
2021/5/17,18.02,17.9,18.33,17.49,27.85M,0.0362 
2021/5/14,17.39,17.18,17.45,17.03,16.23M,0.0099 
2021/5/13,17.22,17.5,17.69,17.09,18.34M,-0.0277 
2021/5/12,17.71,17.69,18.18,17.6,21.49M,-0.0161 
2021/5/11,18,18.82,19.23,17.73,40.02M,-0.0688 
2021/5/10,19.33,19.67,19.79,19.11,57.42M,0.0266 
2021/5/7,18.83,17.35,18.83,17.35,44.82M,0.0999 
2021/5/6,17.12,16.48,17.35,16.48,19.16M,0.0388 
2021/4/30,16.48,16.77,16.89,16.08,17.28M,-0.0231 
2021/4/29,16.87,16.76,16.99,16.6,12.87M,0.0012 
2021/4/28,16.85,16.61,16.98,16.3,13.33M,0.0096 
2021/4/27,16.69,17.5,17.5,16.55,22.19M,-0.0495 
2021/4/26,17.56,17.84,17.84,17.5,18.04M,-0.0206 
2021/4/23,17.93,18.22,18.24,17.5,29.89M,-0.0329 
2021/4/22,18.54,18.92,19.06,18.51,21.52M,-0.0206 
2021/4/21,18.93,18.93,19.39,18.65,25.30M,0.0053 
2021/4/20,18.83,18.88,18.96,18.5,23.45M,-0.0121 
2021/4/19,19.06,18.6,19.29,18.26,25.61M,-0.0021 
2021/4/16,19.1,19.07,19.6,19,33.45M,0.0181 
2021/4/15,18.76,18.88,18.9,18.18,25.59M,-0.0229 
2021/4/14,19.2,18.71,19.33,18.71,26.87M,0.0350 
2021/4/13,18.55,19.15,19.16,18.4,28.15M,-0.0394 
2021/4/12,19.31,19.5,19.73,18.76,30.41M,-0.0252 
2021/4/9,19.81,20.11,20.92,19.61,35.08M,-0.0149 
2021/4/8,20.11,20.79,21.18,19.85,52.18M,-0.0668 
2021/4/7,21.55,20.66,21.81,20.52,61.87M,0.0391 
2021/4/6,20.74,20.5,21.66,20.19,69.68M,0.0380 
2021/4/2,19.98,18.55,19.98,18.11,57.06M,0.1002 
2021/4/1,18.16,18.57,18.92,17.81,41.28M,-0.0335 
2021/3/31,18.79,17.47,19.5,17.14,55.93M,0.0497 
2021/3/30,17.9,19.1,19.15,17.76,49.61M,-0.0778 
2021/3/29,19.41,19.7,19.96,19.03,47.67M,-0.0358 
2021/3/26,20.13,20.08,21.27,19.19,53.20M,-0.0180 
2021/3/25,20.5,22.78,22.78,19.61,91.58M,-0.0275 
2021/3/24,21.08,18.53,21.08,18.53,56.06M,0.1002 
2021/3/23,19.16,20.62,21.69,17.92,98.03M,-0.0377 
2021/3/22,19.91,18.1,19.91,17.44,74.01M,0.1000 
2021/3/19,18.1,16.18,18.1,16.01,86.84M,0.1003 
2021/3/18,16.45,15.19,16.45,15.1,60.72M,0.1003 
2021/3/17,14.95,14.81,15.27,14.3,30.85M,-0.0007 
2021/3/16,14.96,15.22,15.33,14.8,30.84M,-0.0273 
2021/3/15,15.38,14.95,15.57,14.74,40.72M,0.0295 
2021/3/12,14.94,14.8,15.75,14.69,42.78M,-0.0073 
2021/3/11,15.05,14.3,15.2,14.06,41.97M,0.0386 
2021/3/10,14.49,14.43,15,13.5,47.27M,0.0069 
2021/3/9,14.39,15.51,15.55,14.36,45.86M,-0.0978 
2021/3/8,15.95,15.57,16.3,15.5,43.28M,0.0038 
2021/3/5,15.89,16.5,16.59,15.81,55.53M,-0.0804 
2021/3/4,17.28,17.09,18.2,16.22,70.31M,0.0105 
2021/3/3,17.1,17.15,18.32,16.72,87.95M,-0.0742 
2021/3/2,18.47,15.3,18.47,15.12,114.98M,0.1001 
2021/3/1,16.79,16.79,16.79,16.79,23.45M,-0.0997 
2021/2/26,18.65,18.65,18.65,18.65,2.42M,0.1003 
2021/2/25,16.95,16.95,16.95,16.95,2.53M,0.0999 
2021/2/24,15.41,15.41,15.41,15.41,2.98M,0.0999 
2021/2/23,14.01,14.01,14.01,14.01,639.54K,0.0997 
2021/2/22,12.74,12.74,12.74,12.74,801.06K,0.1002 
2021/2/19,11.58,11.58,11.58,11.58,1.57M,0.0997 
2021/2/18,10.53,10.53,10.53,10.53,522.69K,0.1003 
2021/2/10,9.57,9.57,9.57,9.57,716.93K,0.1000 
2021/2/9,8.7,8.7,8.7,8.7,473.57K,0.0999 
2021/2/8,7.91,7.91,7.91,7.91,324.91K,0.1001 
